Source,Target,Type,Id,Weight
sashakots,RVvoenkor,Directed,9,11
vladlentatarsky,RVvoenkor,Directed,15,4
sashakots,infantmilitario,Directed,23,2
rusich_army,RVvoenkor,Directed,26,5
epoddubny,infantmilitario,Directed,52,1
Sladkov_plus,infantmilitario,Directed,53,1
wargonzo,infantmilitario,Directed,54,6
rybar,infantmilitario,Directed,64,11
brussinf,infantmilitario,Directed,89,1
romagolovanov,infantmilitario,Directed,92,1
adirect,bunkerdayly,Directed,117,864
molotov_perm,uralpartisan,Directed,138,15
adirect,uralpartisan,Directed,151,8
russia_and_anvil,uralpartisan,Directed,153,1
vladlentatarsky,uralpartisan,Directed,157,2
rusjuche,uralpartisan,Directed,165,3
new_totalis,uralpartisan,Directed,171,6
ordinaryczarizm,uralpartisan,Directed,176,2
ImashevNB,uralpartisan,Directed,189,1
drugoros_spb,uralpartisan,Directed,194,5
comradepelevin,uralpartisan,Directed,200,2
nbstaroverov,uralpartisan,Directed,201,1
interbrigady2022,uralpartisan,Directed,210,1
bunkerdayly,uralpartisan,Directed,214,1
bunkerdayly,bunkerdayly,Directed,235,1
sashakots,bunkerdayly,Directed,272,3
wargonzo,bunkerdayly,Directed,274,14
mihailaksel,bunkerdayly,Directed,294,63
molotov_perm,bunkerdayly,Directed,298,18
drugoros_spb,bunkerdayly,Directed,303,23
beard_tim,bunkerdayly,Directed,313,34
nbstaroverov,bunkerdayly,Directed,315,21
rusjuche,bunkerdayly,Directed,319,21
interbrigady2022,bunkerdayly,Directed,351,179
ImashevNB,bunkerdayly,Directed,352,30
strelkovii,bunkerdayly,Directed,358,2
chernaya100kitchen,bunkerdayly,Directed,361,9
comradepelevin,bunkerdayly,Directed,371,25
rusfleet,bunkerdayly,Directed,386,1
voenacher,bunkerdayly,Directed,393,1
new_totalis,bunkerdayly,Directed,394,17
notes_veterans,bunkerdayly,Directed,404,3
ghost_of_novorossia,bunkerdayly,Directed,405,6
uralpartisan,bunkerdayly,Directed,421,5
ordinaryczarizm,bunkerdayly,Directed,447,2
russia_and_anvil,bunkerdayly,Directed,448,6
RVvoenkor,bunkerdayly,Directed,462,1
fabric80,bunkerdayly,Directed,466,3
KRPRus,bunkerdayly,Directed,468,4
adirect,ImashevNB,Directed,479,262
sashakots,epoddubny,Directed,485,1341
zverochan,bunkerdayly,Directed,490,2
wargonzo,ImashevNB,Directed,499,20
Sladkov_plus,epoddubny,Directed,501,43
voenkorKotenok,bunkerdayly,Directed,502,2
interbrigady2022,ImashevNB,Directed,504,70
beard_tim,ImashevNB,Directed,510,18
rusjuche,ImashevNB,Directed,527,27
inter_manufactory_77,bunkerdayly,Directed,531,47
adirect,mihailaksel,Directed,536,421
drugoros_vrn,bunkerdayly,Directed,538,1
molotov_perm,ImashevNB,Directed,540,63
dr_kuban,bunkerdayly,Directed,541,2
bunkerdayly,ImashevNB,Directed,545,24
Agdchan,ImashevNB,Directed,554,5
juchkovsky,ImashevNB,Directed,564,1
mihailaksel,ImashevNB,Directed,565,5
georgy_fedorov,ImashevNB,Directed,576,1
drugoros_spb,ImashevNB,Directed,579,50
Sladkov_plus,ImashevNB,Directed,584,1
vladlentatarsky,ImashevNB,Directed,588,8
voenkorKotenok,ImashevNB,Directed,593,2
nbstaroverov,ImashevNB,Directed,596,9
RtrDonetsk,ImashevNB,Directed,607,1
aleksandr_skif,ImashevNB,Directed,615,2
sashakots,ImashevNB,Directed,622,2
voenacher,ImashevNB,Directed,635,1
notes_veterans,ImashevNB,Directed,642,1
Andrafanaslive,ImashevNB,Directed,646,1
chernaya100kitchen,ImashevNB,Directed,647,3
epoddubny,ImashevNB,Directed,648,1
comradepelevin,ImashevNB,Directed,656,13
fabric80,ImashevNB,Directed,658,3
new_totalis,ImashevNB,Directed,659,9
dr_kuban,ImashevNB,Directed,673,2
strelkovii,ImashevNB,Directed,686,2
heartlandfire,ImashevNB,Directed,705,1
uralpartisan,ImashevNB,Directed,708,7
nazbol_sar,ImashevNB,Directed,721,1
ImashevNB,ImashevNB,Directed,733,1
russia_and_anvil,ImashevNB,Directed,735,2
drugoros_vrn,ImashevNB,Directed,736,4
wargonzo,epoddubny,Directed,750,119
beard_tim,mihailaksel,Directed,754,43
ghost_of_novorossia,ImashevNB,Directed,766,1
pgubarev,ImashevNB,Directed,774,1
interbrigady2022,KRPRus,Directed,778,7
igorvezite,KRPRus,Directed,779,1
pgubarev,KRPRus,Directed,781,6
adirect,KRPRus,Directed,783,5
mihailaksel,KRPRus,Directed,785,2
R_Vestovoi,KRPRus,Directed,786,8
fabric80,KRPRus,Directed,788,2
rusjuche,KRPRus,Directed,793,2
drugoros_spb,KRPRus,Directed,794,2
i_strelkov_2023,KRPRus,Directed,795,8
russia_and_anvil,KRPRus,Directed,798,3
KRPrus52,KRPRus,Directed,799,2
ordinaryczarizm,KRPRus,Directed,800,13
ghost_of_novorossia,KRPRus,Directed,801,3
georgy_fedorov,KRPRus,Directed,802,6
bunkerdayly,KRPRus,Directed,809,1
blackcolonel2020,KRPRus,Directed,813,1
strelkovii,KRPRus,Directed,817,3
wargonzo,mihailaksel,Directed,831,43
sashakots,mihailaksel,Directed,832,10
bunkerdayly,mihailaksel,Directed,839,39
molotov_perm,mihailaksel,Directed,854,5
drugoros_spb,mihailaksel,Directed,860,7
rossia_3,mihailaksel,Directed,872,1
georgy_fedorov,mihailaksel,Directed,876,6
ImashevNB,mihailaksel,Directed,890,6
ordinaryczarizm,mihailaksel,Directed,902,6
epoddubny,mihailaksel,Directed,903,1
strelkovii,mihailaksel,Directed,904,1
voenkorKotenok,mihailaksel,Directed,906,2
rybar,mihailaksel,Directed,907,5
RtrDonetsk,mihailaksel,Directed,913,2
RVvoenkor,mihailaksel,Directed,914,2
rusjuche,mihailaksel,Directed,916,3
interbrigady2022,mihailaksel,Directed,927,54
ghost_of_novorossia,mihailaksel,Directed,930,4
russia_and_anvil,mihailaksel,Directed,936,3
chernaya100kitchen,mihailaksel,Directed,948,1
nbstaroverov,mihailaksel,Directed,951,1
i_strelkov_2023,mihailaksel,Directed,967,5
fabric80,mihailaksel,Directed,968,2
pgubarev,mihailaksel,Directed,972,4
KRPRus,mihailaksel,Directed,973,3
nwindpro,mihailaksel,Directed,974,1
inter_manufactory_77,mihailaksel,Directed,980,6
RDS_Official_channel,mihailaksel,Directed,981,3
dr_kuban,mihailaksel,Directed,985,1
drugoros_vrn,mihailaksel,Directed,986,1
rusfleet,epoddubny,Directed,1016,2
infantmilitario,epoddubny,Directed,1027,10
rybar,epoddubny,Directed,1069,158
brussinf,epoddubny,Directed,1073,83
voenacher,epoddubny,Directed,1082,55
RtrDonetsk,epoddubny,Directed,1106,78
romagolovanov,epoddubny,Directed,1148,5
aleksandr_skif,epoddubny,Directed,1157,6
vladlentatarsky,wargonzo,Directed,1168,16
vladlentatarsky,epoddubny,Directed,1173,8
RVvoenkor,epoddubny,Directed,1182,7
voenkorKotenok,epoddubny,Directed,1259,2
Andrafanaslive,epoddubny,Directed,1266,3
vladlentatarsky,voenacher,Directed,1276,479
rus_jansen,epoddubny,Directed,1337,1
rusich_army,epoddubny,Directed,1366,21
RVvoenkor,rybar,Directed,1369,24
boriskorchevnikov,epoddubny,Directed,1380,3
notes_veterans,epoddubny,Directed,1387,1
epoddubny,epoddubny,Directed,1391,2
rusich_army,vladlentatarsky,Directed,1396,79
kartezianec,epoddubny,Directed,1407,1
dva_majors,epoddubny,Directed,1472,1
infantmilitario,wargonzo,Directed,1481,35
sashakots,wargonzo,Directed,1488,246
wargonzo,wargonzo,Directed,1533,2
epoddubny,wargonzo,Directed,1545,60
Sladkov_plus,wargonzo,Directed,1552,60
RVvoenkor,wargonzo,Directed,1562,26
brussinf,wargonzo,Directed,1571,3
voenkorKotenok,wargonzo,Directed,1572,7
rusfleet,wargonzo,Directed,1603,1
adirect,wargonzo,Directed,1629,12
aleksandr_skif,wargonzo,Directed,1636,14
rybar,wargonzo,Directed,1648,5
mihailaksel,wargonzo,Directed,1661,7
RtrDonetsk,wargonzo,Directed,1698,66
beard_tim,wargonzo,Directed,1700,9
rusich_army,wargonzo,Directed,1730,93
mihailaksel,beard_tim,Directed,1736,20
Agdchan,wargonzo,Directed,1737,17
wargonzo,beard_tim,Directed,1739,349
voenacher,beard_tim,Directed,1748,87
interbrigady2022,wargonzo,Directed,1785,4
ImashevNB,wargonzo,Directed,1789,3
voenacher,wargonzo,Directed,1792,4
kvmalofeev,wargonzo,Directed,1802,1
wargonzo,Agdchan,Directed,1825,89
rossia_3,Agdchan,Directed,1853,197
vladlentatarsky,voenkorKotenok,Directed,1882,285
russdiary,wargonzo,Directed,1900,2
infantmilitario,Agdchan,Directed,1914,9
RVvoenkor,Agdchan,Directed,1915,6
spastv,wargonzo,Directed,1959,2
juchkovsky,wargonzo,Directed,1964,1
romagolovanov,Agdchan,Directed,1973,3
RDS_Official_channel,RDS_official_smi,Directed,2010,403
soldat_prav,RDS_official_smi,Directed,2012,185
rusjuche,wargonzo,Directed,2038,1
vladlentatarsky,Agdchan,Directed,2049,28
rossia_3,wargonzo,Directed,2075,2
dva_majors,wargonzo,Directed,2145,1
voenkorKotenok,aleksandr_skif,Directed,2163,7
Sladkov_plus,aleksandr_skif,Directed,2165,2
vladlentatarsky,aleksandr_skif,Directed,2183,2
voenkorKotenok,Agdchan,Directed,2187,9
spastv,aleksandr_skif,Directed,2192,1
boriskorchevnikov,aleksandr_skif,Directed,2204,4
wargonzo,o_andrey_tkachev,Directed,2263,1
Andrafanaslive,o_andrey_tkachev,Directed,2271,7
kartezianec,o_andrey_tkachev,Directed,2297,1
romagolovanov,o_andrey_tkachev,Directed,2310,3
vladlentatarsky,o_andrey_tkachev,Directed,2344,1
kvmalofeev,o_andrey_tkachev,Directed,2347,2
rus_jansen,o_andrey_tkachev,Directed,2348,1
rusfleet,o_andrey_tkachev,Directed,2380,1
voenkorKotenok,o_andrey_tkachev,Directed,2395,1
aleksandr_skif,o_andrey_tkachev,Directed,2397,1
spastv,o_andrey_tkachev,Directed,2408,3
boriskorchevnikov,o_andrey_tkachev,Directed,2409,14
obshina_ru,o_andrey_tkachev,Directed,2414,2
o_andrey_tkachev,Agdchan,Directed,2422,29
sashakots,o_andrey_tkachev,Directed,2433,2
Sladkov_plus,o_andrey_tkachev,Directed,2435,1
RVvoenkor,o_andrey_tkachev,Directed,2440,1
Agdchan,o_andrey_tkachev,Directed,2444,1
voenacher,o_andrey_tkachev,Directed,2468,1
Agdchan,Agdchan,Directed,2477,5
sashakots,Agdchan,Directed,2501,8
rybar,Agdchan,Directed,2512,7
kvmalofeev,Agdchan,Directed,2524,364
voenacher,Agdchan,Directed,2554,4
tsarkrest,Agdchan,Directed,2558,1
ghost_of_novorossia,soldat_prav,Directed,2604,52
zapiskitrad,Agdchan,Directed,2609,106
Andrafanaslive,Agdchan,Directed,2618,7
epoddubny,Agdchan,Directed,2629,4
Sladkov_plus,Agdchan,Directed,2669,3
ordinaryczarizm,Agdchan,Directed,2670,2
Agdchan,zapiskitrad,Directed,2692,39
boriskorchevnikov,Agdchan,Directed,2708,2
aleksandr_skif,Agdchan,Directed,2733,3
dva_majors,Agdchan,Directed,2735,2
kartezianec,Agdchan,Directed,2736,62
spastv,Agdchan,Directed,2758,10
zhivoff,Agdchan,Directed,2759,6
Alekhin_Telega,Agdchan,Directed,2778,1
Alekhin_Telega,soldat_prav,Directed,2779,25
notes_veterans,Agdchan,Directed,2783,24
zhivoff,RDS_official_smi,Directed,2784,43
i_strelkov_2023,soldat_prav,Directed,2797,214
ordinaryczarizm,i_strelkov_2023,Directed,2823,2
interbrigady2022,Agdchan,Directed,2835,2
R_Vestovoi,rusfleet,Directed,2854,81
russdiary,Agdchan,Directed,2874,1
heartlandfire,Agdchan,Directed,2903,1
vladlentatarsky,heartlandfire,Directed,2933,1
wargonzo,heartlandfire,Directed,2944,5
notes_veterans,heartlandfire,Directed,2950,1
rossia_3,heartlandfire,Directed,2958,7
voenacher,heartlandfire,Directed,2986,3
Agdchan,heartlandfire,Directed,2988,7
zapiskitrad,heartlandfire,Directed,2989,8
voenkorKotenok,heartlandfire,Directed,2999,1
comradepelevin,heartlandfire,Directed,3003,3
rusfleet,heartlandfire,Directed,3026,1
Andrafanaslive,heartlandfire,Directed,3034,1
russdiary,heartlandfire,Directed,3037,1
kartezianec,heartlandfire,Directed,3040,2
beard_tim,heartlandfire,Directed,3047,1
epoddubny,heartlandfire,Directed,3051,1
heartlandfire,heartlandfire,Directed,3066,2
sashakots,heartlandfire,Directed,3071,1
nbstaroverov,fabric80,Directed,3076,3
interbrigady2022,fabric80,Directed,3079,1
kvmalofeev,zapiskitrad,Directed,3084,3
soldat_prav,i_strelkov_2023,Directed,3093,14
KRPRus,i_strelkov_2023,Directed,3094,3
rossia_3,zapiskitrad,Directed,3125,13
notes_veterans,RDS_official_smi,Directed,3127,9
zapiskitrad,zapiskitrad,Directed,3134,4
kartezianec,zapiskitrad,Directed,3145,3
heartlandfire,zapiskitrad,Directed,3152,4
zhivoff,zapiskitrad,Directed,3160,1
comradepelevin,zapiskitrad,Directed,3161,1
notes_veterans,rusfleet,Directed,3162,3
nwindpro,soldat_prav,Directed,3195,25
notes_veterans,soldat_prav,Directed,3201,42
georgy_fedorov,RDS_official_smi,Directed,3221,136
soldat_prav,soldat_prav,Directed,3227,117
juchkovsky,soldat_prav,Directed,3232,1
dva_majors,soldat_prav,Directed,3233,18
strelkovii,soldat_prav,Directed,3234,5
russia_and_anvil,soldat_prav,Directed,3236,8
zhivoff,soldat_prav,Directed,3240,6
RDS_Official_channel,soldat_prav,Directed,3242,146
infantmilitario,soldat_prav,Directed,3257,1
rybar,soldat_prav,Directed,3259,2
voenkorKotenok,soldat_prav,Directed,3261,7
fabric80,soldat_prav,Directed,3281,7
georgy_fedorov,soldat_prav,Directed,3282,33
adirect,soldat_prav,Directed,3294,26
i_strelkov_2023,RDS_official_smi,Directed,3313,66
RDS_official_smi,soldat_prav,Directed,3316,12
interbrigady2022,soldat_prav,Directed,3320,19
blackcolonel2020,RDS_official_smi,Directed,3323,106
Protoinquisitor,soldat_prav,Directed,3324,12
new_totalis,soldat_prav,Directed,3365,1
drugoros_spb,soldat_prav,Directed,3367,1
R_Vestovoi,soldat_prav,Directed,3380,5
blackcolonel2020,soldat_prav,Directed,3382,1
mihailaksel,soldat_prav,Directed,3385,2
Rus_imperia,soldat_prav,Directed,3390,1
imperskiylegion1917,soldat_prav,Directed,3431,1
rusfleet,soldat_prav,Directed,3435,2
tsarkrest,soldat_prav,Directed,3457,1
voenacher,soldat_prav,Directed,3466,1
Sladkov_plus,soldat_prav,Directed,3476,1
wargonzo,soldat_prav,Directed,3501,1
RVvoenkor,soldat_prav,Directed,3517,1
romagolovanov,soldat_prav,Directed,3525,1
ghost_of_novorossia,RDS_official_smi,Directed,3551,30
dva_majors,RDS_official_smi,Directed,3552,30
boris975,RDS_official_smi,Directed,3555,5
juchkovsky,RDS_official_smi,Directed,3576,2
strelkovii,RDS_official_smi,Directed,3578,16
kvmalofeev,RDS_official_smi,Directed,3580,1
drugoros_spb,RDS_official_smi,Directed,3599,2
voenkorKotenok,RDS_official_smi,Directed,3605,32
sashakots,beard_tim,Directed,3608,75
romagolovanov,RDS_official_smi,Directed,3614,3
Rus_imperia,RDS_official_smi,Directed,3615,10
kartezianec,RDS_official_smi,Directed,3616,1
adirect,RDS_official_smi,Directed,3622,14
Alekhin_Telega,RDS_official_smi,Directed,3628,26
Andrafanaslive,RDS_official_smi,Directed,3648,1
rusjuche,RDS_official_smi,Directed,3660,1
ordinaryczarizm,new_totalis,Directed,3661,39
Agdchan,RDS_official_smi,Directed,3676,6
rusfleet,RDS_official_smi,Directed,3677,1
rybar,voenacher,Directed,3679,1043
RDS_official_smi,RDS_official_smi,Directed,3686,1
russia_and_anvil,RDS_official_smi,Directed,3694,12
mihailaksel,RDS_official_smi,Directed,3699,8
tsarkrest,RDS_official_smi,Directed,3709,7
chernaya100kitchen,RDS_official_smi,Directed,3740,13
nwindpro,RDS_official_smi,Directed,3741,2
R_Vestovoi,RDS_official_smi,Directed,3757,5
der_kultur_kampf,RDS_official_smi,Directed,3773,2
voenacher,RDS_official_smi,Directed,3774,3
new_totalis,RDS_official_smi,Directed,3778,4
infantmilitario,RDS_official_smi,Directed,3781,4
obshina_ru,RDS_official_smi,Directed,3793,1
Protoinquisitor,RDS_official_smi,Directed,3831,11
rybar,RDS_official_smi,Directed,3840,9
sashakots,RDS_official_smi,Directed,3842,4
adirect,comradepelevin,Directed,3902,99
rusich_army,voenacher,Directed,3929,516
aleksandr_skif,voenkorKotenok,Directed,3934,281
aleksandr_skif,RDS_official_smi,Directed,3954,1
imperskiylegion1917,RDS_official_smi,Directed,3957,1
ghost_of_novorossia,beard_tim,Directed,3975,84
wargonzo,RDS_official_smi,Directed,3976,2
Sladkov_plus,RDS_official_smi,Directed,3977,4
uralpartisan,new_totalis,Directed,3991,39
RVvoenkor,RDS_official_smi,Directed,4009,2
interbrigady2022,RDS_official_smi,Directed,4011,2
rusjuche,comradepelevin,Directed,4022,23
russia_and_anvil,i_strelkov_2023,Directed,4056,3
ghost_of_novorossia,i_strelkov_2023,Directed,4060,4
strelkovii,i_strelkov_2023,Directed,4062,3
georgy_fedorov,i_strelkov_2023,Directed,4063,3
bunkerdayly,i_strelkov_2023,Directed,4067,1
drugoros_spb,i_strelkov_2023,Directed,4069,1
adirect,i_strelkov_2023,Directed,4070,2
mihailaksel,i_strelkov_2023,Directed,4071,1
new_totalis,i_strelkov_2023,Directed,4078,1
juchkovsky,i_strelkov_2023,Directed,4082,1
rusfleet,rusfleet,Directed,4101,5
sashakots,rusfleet,Directed,4123,6
rybar,rusfleet,Directed,4132,2
Andrafanaslive,rusfleet,Directed,4137,1
Rus_imperia,rusfleet,Directed,4145,1
RVvoenkor,rusfleet,Directed,4153,1
RtrDonetsk,rusfleet,Directed,4184,1
Sladkov_plus,rusfleet,Directed,4196,4
vladlentatarsky,rusfleet,Directed,4197,1
epoddubny,rusfleet,Directed,4199,1
zhivoff,rusfleet,Directed,4208,7
ghost_of_novorossia,rusfleet,Directed,4219,2
strelkovii,rusfleet,Directed,4222,1
drugoros_spb,rusfleet,Directed,4229,1
interbrigady2022,rusfleet,Directed,4231,1
sashakots,voenkorKotenok,Directed,4232,431
der_kultur_kampf,rusfleet,Directed,4234,1
dva_majors,rusfleet,Directed,4248,5
Alekhin_Telega,rusfleet,Directed,4262,1
adirect,new_totalis,Directed,4266,468
juchkovsky,voenkorKotenok,Directed,4269,43
bunkerdayly,interbrigady2022,Directed,4276,109
ghost_of_novorossia,strelkovii,Directed,4281,27
RDS_Official_channel,strelkovii,Directed,4283,65
voenkorKotenok,strelkovii,Directed,4286,3
Sladkov_plus,strelkovii,Directed,4287,1
notes_veterans,strelkovii,Directed,4288,4
soldat_prav,strelkovii,Directed,4296,42
pgubarev,strelkovii,Directed,4300,18
interbrigady2022,new_totalis,Directed,4305,142
rusfleet,strelkovii,Directed,4320,35
boris975,strelkovii,Directed,4323,9
blackcolonel2020,strelkovii,Directed,4329,35
tsarkrest,strelkovii,Directed,4330,1
KRPRus,strelkovii,Directed,4331,15
ordinaryczarizm,strelkovii,Directed,4334,6
RVvoenkor,strelkovii,Directed,4339,4
georgy_fedorov,strelkovii,Directed,4342,21
zhivoff,strelkovii,Directed,4345,1
R_Vestovoi,strelkovii,Directed,4355,1
drugoros_spb,strelkovii,Directed,4368,1
strelkovii,strelkovii,Directed,4374,4
adirect,strelkovii,Directed,4375,4
infantmilitario,strelkovii,Directed,4380,19
i_strelkov_2023,strelkovii,Directed,4383,257
epoddubny,strelkovii,Directed,4389,1
Andrafanaslive,rus_jansen,Directed,4396,16
nbstaroverov,strelkovii,Directed,4403,2
rus_jansen,strelkovii,Directed,4404,1
aleksandr_skif,strelkovii,Directed,4409,1
RDS_official_smi,strelkovii,Directed,4425,22
adirect,rus_jansen,Directed,4441,4
sashakots,rus_jansen,Directed,4443,2
ghost_of_novorossia,rus_jansen,Directed,4446,6
chernaya100kitchen,rus_jansen,Directed,4453,1
ordinaryczarizm,rus_jansen,Directed,4455,9
zhivoff,rus_jansen,Directed,4501,9
adirect,interbrigady2022,Directed,4508,184
vladlentatarsky,rus_jansen,Directed,4510,2
rus_jansen,rus_jansen,Directed,4516,5
rybar,rus_jansen,Directed,4523,1
voenkorKotenok,rus_jansen,Directed,4527,5
notes_veterans,rus_jansen,Directed,4532,14
kvmalofeev,rus_jansen,Directed,4543,1
russia_and_anvil,rus_jansen,Directed,4545,2
juchkovsky,rus_jansen,Directed,4558,1
tsarkrest,rus_jansen,Directed,4559,1
strelkovii,rus_jansen,Directed,4583,1
dva_majors,rus_jansen,Directed,4611,2
voenacher,rus_jansen,Directed,4615,1
bunkerdayly,rus_jansen,Directed,4622,1
fabric80,interbrigady2022,Directed,4629,43
RtrDonetsk,rus_jansen,Directed,4638,1
voenkorKotenok,beard_tim,Directed,4644,51
inter_manufactory_77,rus_jansen,Directed,4662,2
ImashevNB,interbrigady2022,Directed,4673,12
mihailaksel,interbrigady2022,Directed,4680,5
rusjuche,interbrigady2022,Directed,4684,21
dr_kuban,interbrigady2022,Directed,4691,32
drugoros_spb,interbrigady2022,Directed,4696,25
nbstaroverov,interbrigady2022,Directed,4698,42
new_totalis,interbrigady2022,Directed,4701,3
wargonzo,interbrigady2022,Directed,4705,7
molotov_perm,interbrigady2022,Directed,4709,14
chernaya100kitchen,interbrigady2022,Directed,4714,1
igorvezite,interbrigady2022,Directed,4716,50
notes_veterans,interbrigady2022,Directed,4717,3
ghost_of_novorossia,interbrigady2022,Directed,4726,17
beard_tim,interbrigady2022,Directed,4730,22
sashakots,interbrigady2022,Directed,4743,1
russia_and_anvil,interbrigady2022,Directed,4750,6
voenkorKotenok,interbrigady2022,Directed,4765,4
voenacher,new_totalis,Directed,4774,4
KRPRus,interbrigady2022,Directed,4775,2
comradepelevin,interbrigady2022,Directed,4778,9
nwindpro,interbrigady2022,Directed,4782,4
rusfleet,interbrigady2022,Directed,4787,1
soldat_prav,interbrigady2022,Directed,4797,10
i_strelkov_2023,interbrigady2022,Directed,4798,1
nazbol_sar,interbrigady2022,Directed,4804,4
ordinaryczarizm,interbrigady2022,Directed,4817,1
drugoros_vrn,interbrigady2022,Directed,4822,1
wargonzo,comradepelevin,Directed,4827,2
molotov_perm,new_totalis,Directed,4830,54
interbrigady2022,interbrigady2022,Directed,4837,1
Alekhin_Telega,interbrigady2022,Directed,4853,2
inter_manufactory_77,interbrigady2022,Directed,4858,43
dva_majors,interbrigady2022,Directed,4865,1
adirect,beard_tim,Directed,4880,173
rybar,comradepelevin,Directed,4939,2
comradepelevin,comradepelevin,Directed,4952,8
russdiary,comradepelevin,Directed,4967,12
ImashevNB,new_totalis,Directed,4984,45
bunkerdayly,new_totalis,Directed,4991,122
notes_veterans,comradepelevin,Directed,4995,1
russia_and_anvil,comradepelevin,Directed,5013,7
drugoros_spb,comradepelevin,Directed,5023,28
vladlentatarsky,comradepelevin,Directed,5025,1
beard_tim,new_totalis,Directed,5042,44
interbrigady2022,comradepelevin,Directed,5052,10
ImashevNB,comradepelevin,Directed,5060,1
bunkerdayly,comradepelevin,Directed,5064,7
new_totalis,comradepelevin,Directed,5085,9
dr_kuban,comradepelevin,Directed,5111,1
rossia_3,comradepelevin,Directed,5115,1
beard_tim,comradepelevin,Directed,5118,2
igorvezite,comradepelevin,Directed,5124,1
fabric80,comradepelevin,Directed,5136,4
drugoros_vrn,comradepelevin,Directed,5142,3
uralpartisan,comradepelevin,Directed,5144,1
molotov_perm,comradepelevin,Directed,5171,5
inter_manufactory_77,comradepelevin,Directed,5179,3
Agdchan,comradepelevin,Directed,5182,1
infantmilitario,beard_tim,Directed,5234,12
rusjuche,beard_tim,Directed,5241,35
russia_and_anvil,new_totalis,Directed,5245,31
drugoros_spb,beard_tim,Directed,5290,15
beard_tim,beard_tim,Directed,5298,4
Sladkov_plus,beard_tim,Directed,5316,2
vladlentatarsky,beard_tim,Directed,5336,13
ImashevNB,beard_tim,Directed,5347,7
rybar,beard_tim,Directed,5348,16
adirect,nbstaroverov,Directed,5355,189
strelkovii,beard_tim,Directed,5358,11
notes_veterans,beard_tim,Directed,5364,34
RVvoenkor,beard_tim,Directed,5367,26
RtrDonetsk,beard_tim,Directed,5387,9
epoddubny,beard_tim,Directed,5407,5
interbrigady2022,beard_tim,Directed,5422,82
aleksandr_skif,beard_tim,Directed,5431,3
bunkerdayly,beard_tim,Directed,5446,9
new_totalis,beard_tim,Directed,5484,5
rusich_army,beard_tim,Directed,5518,27
nbstaroverov,beard_tim,Directed,5526,3
dva_majors,beard_tim,Directed,5545,12
rusfleet,beard_tim,Directed,5569,5
rus_jansen,beard_tim,Directed,5582,3
interbrigady2022,igorvezite,Directed,5603,87
Agdchan,beard_tim,Directed,5624,2
brussinf,beard_tim,Directed,5637,7
comradepelevin,beard_tim,Directed,5655,5
mihailaksel,new_totalis,Directed,5682,18
fabric80,beard_tim,Directed,5738,8
ordinaryczarizm,beard_tim,Directed,5742,1
zhivoff,beard_tim,Directed,5767,5
juchkovsky,beard_tim,Directed,5777,1
boriskorchevnikov,beard_tim,Directed,5813,1
dva_majors,new_totalis,Directed,5816,6
zverochan,beard_tim,Directed,5843,7
der_kultur_kampf,beard_tim,Directed,5856,1
nwindpro,beard_tim,Directed,5879,5
i_strelkov_2023,beard_tim,Directed,5910,3
Alekhin_Telega,beard_tim,Directed,5945,4
Andrafanaslive,beard_tim,Directed,5957,3
molotov_perm,beard_tim,Directed,5964,2
obshina_ru,beard_tim,Directed,5981,3
dr_kuban,beard_tim,Directed,6012,1
inter_manufactory_77,beard_tim,Directed,6044,1
zogrussia1,beard_tim,Directed,6045,1
soldat_prav,beard_tim,Directed,6056,2
georgy_fedorov,beard_tim,Directed,6074,1
rossia_3,beard_tim,Directed,6077,1
nbstaroverov,igorvezite,Directed,6078,12
bunkerdayly,igorvezite,Directed,6084,1
sashakots,new_totalis,Directed,6096,4
ghost_of_novorossia,igorvezite,Directed,6097,8
comradepelevin,igorvezite,Directed,6098,1
drugoros_spb,new_totalis,Directed,6106,158
inter_manufactory_77,igorvezite,Directed,6107,1
notes_veterans,new_totalis,Directed,6109,5
comradepelevin,new_totalis,Directed,6121,113
infantmilitario,new_totalis,Directed,6123,21
wargonzo,new_totalis,Directed,6125,11
strelkovii,new_totalis,Directed,6128,14
zhivoff,new_totalis,Directed,6131,1
voenkorKotenok,new_totalis,Directed,6132,4
rusjuche,new_totalis,Directed,6152,116
rusich_army,new_totalis,Directed,6160,2
boriskorchevnikov,new_totalis,Directed,6164,1
brussinf,new_totalis,Directed,6208,1
blackcolonel2020,new_totalis,Directed,6247,2
nbstaroverov,new_totalis,Directed,6258,12
epoddubny,new_totalis,Directed,6274,4
RVvoenkor,new_totalis,Directed,6303,2
Sladkov_plus,new_totalis,Directed,6342,1
ghost_of_novorossia,new_totalis,Directed,6401,4
dr_kuban,new_totalis,Directed,6454,19
KRPRus,new_totalis,Directed,6457,10
pgubarev,new_totalis,Directed,6463,3
rusfleet,new_totalis,Directed,6466,3
nazbol_sar,new_totalis,Directed,6480,9
KRPrus52,new_totalis,Directed,6482,1
i_strelkov_2023,new_totalis,Directed,6507,7
zverochan,new_totalis,Directed,6521,8
drugoros_vrn,new_totalis,Directed,6531,9
soldat_prav,new_totalis,Directed,6536,2
fabric80,new_totalis,Directed,6551,2
Sladkov_plus,voenkorKotenok,Directed,6607,124
chernaya100kitchen,new_totalis,Directed,6623,1
new_totalis,new_totalis,Directed,6632,3
inter_manufactory_77,new_totalis,Directed,6677,2
adirect,dr_kuban,Directed,6678,108
interbrigady2022,dr_kuban,Directed,6682,43
drugoros_spb,dr_kuban,Directed,6684,4
beard_tim,dr_kuban,Directed,6686,2
ghost_of_novorossia,dr_kuban,Directed,6695,4
new_totalis,dr_kuban,Directed,6696,3
notes_veterans,dr_kuban,Directed,6700,1
voenacher,rybar,Directed,6703,183
bunkerdayly,dr_kuban,Directed,6707,2
adirect,molotov_perm,Directed,6708,525
molotov_perm,dr_kuban,Directed,6709,2
rusjuche,dr_kuban,Directed,6711,1
comradepelevin,dr_kuban,Directed,6713,2
nbstaroverov,dr_kuban,Directed,6715,1
fabric80,dr_kuban,Directed,6721,1
interbrigady2022,nbstaroverov,Directed,6722,135
i_strelkov_2023,rusjuche,Directed,6728,5
mihailaksel,molotov_perm,Directed,6732,19
new_totalis,drugoros_spb,Directed,6745,15
bunkerdayly,molotov_perm,Directed,6747,26
beard_tim,molotov_perm,Directed,6748,14
rusjuche,drugoros_spb,Directed,6751,180
nbstaroverov,molotov_perm,Directed,6752,12
strelkovii,molotov_perm,Directed,6766,2
wargonzo,molotov_perm,Directed,6767,4
drugoros_spb,molotov_perm,Directed,6774,48
rusjuche,molotov_perm,Directed,6781,13
sashakots,molotov_perm,Directed,6784,1
ImashevNB,molotov_perm,Directed,6794,47
vladlentatarsky,molotov_perm,Directed,6802,2
interbrigady2022,molotov_perm,Directed,6806,66
ImashevNB,rusjuche,Directed,6808,27
adirect,rusjuche,Directed,6815,201
bunkerdayly,drugoros_spb,Directed,6818,14
dr_kuban,molotov_perm,Directed,6822,3
russia_and_anvil,molotov_perm,Directed,6827,1
new_totalis,molotov_perm,Directed,6828,6
adirect,nazbol_sar,Directed,6832,308
ghost_of_novorossia,molotov_perm,Directed,6833,4
bunkerdayly,nazbol_sar,Directed,6835,11
notes_veterans,molotov_perm,Directed,6838,1
igorvezite,molotov_perm,Directed,6839,1
uralpartisan,molotov_perm,Directed,6840,6
comradepelevin,molotov_perm,Directed,6841,3
fabric80,molotov_perm,Directed,6851,2
drugoros_vrn,molotov_perm,Directed,6867,3
beard_tim,rusjuche,Directed,6868,20
i_strelkov_2023,molotov_perm,Directed,6876,1
molotov_perm,nazbol_sar,Directed,6886,4
interbrigady2022,nazbol_sar,Directed,6887,43
drugoros_spb,nazbol_sar,Directed,6888,34
fabric80,nazbol_sar,Directed,6890,4
beard_tim,nazbol_sar,Directed,6891,2
comradepelevin,rusjuche,Directed,6895,30
ImashevNB,nazbol_sar,Directed,6899,2
rusjuche,nazbol_sar,Directed,6900,4
comradepelevin,nazbol_sar,Directed,6901,4
new_totalis,nazbol_sar,Directed,6903,11
strelkovii,rusjuche,Directed,6907,28
mihailaksel,nazbol_sar,Directed,6909,1
drugoros_vrn,nazbol_sar,Directed,6912,3
drugoros_spb,rusjuche,Directed,6913,126
dr_kuban,nazbol_sar,Directed,6915,3
nbstaroverov,nazbol_sar,Directed,6921,4
adirect,drugoros_vrn,Directed,6924,21
ImashevNB,drugoros_vrn,Directed,6927,1
interbrigady2022,drugoros_vrn,Directed,6929,5
drugoros_spb,drugoros_vrn,Directed,6937,2
voenkorKotenok,rusjuche,Directed,6938,11
fabric80,drugoros_vrn,Directed,6939,1
bunkerdayly,drugoros_vrn,Directed,6941,2
rusjuche,drugoros_vrn,Directed,6942,1
new_totalis,drugoros_vrn,Directed,6943,1
mihailaksel,rusjuche,Directed,6946,11
bunkerdayly,rusjuche,Directed,6948,12
molotov_perm,adirect,Directed,6966,231
nbstaroverov,rusjuche,Directed,6969,15
sashakots,rusjuche,Directed,6977,4
wargonzo,rusjuche,Directed,6987,10
molotov_perm,rusjuche,Directed,6989,4
mihailaksel,nbstaroverov,Directed,6991,9
russia_and_anvil,rusjuche,Directed,7034,11
adirect,drugoros_spb,Directed,7036,222
aleksandr_skif,rusjuche,Directed,7043,1
voenacher,rusjuche,Directed,7047,1
juchkovsky,rusjuche,Directed,7049,4
vladlentatarsky,rusjuche,Directed,7054,3
interbrigady2022,rusjuche,Directed,7066,76
rusfleet,rusjuche,Directed,7072,15
Sladkov_plus,rusjuche,Directed,7079,1
comradepelevin,drugoros_spb,Directed,7091,19
ghost_of_novorossia,rusjuche,Directed,7102,5
pgubarev,rusjuche,Directed,7111,6
new_totalis,rusjuche,Directed,7113,40
uralpartisan,rusjuche,Directed,7122,2
blackcolonel2020,rusjuche,Directed,7124,1
KRPRus,rusjuche,Directed,7154,6
Agdchan,rusjuche,Directed,7162,8
beard_tim,adirect,Directed,7167,121
fabric80,rusjuche,Directed,7170,6
bunkerdayly,adirect,Directed,7174,409
adirect,zverochan,Directed,7175,31
soldat_prav,rusjuche,Directed,7201,1
juchkovsky,adirect,Directed,7206,19
notes_veterans,rusjuche,Directed,7207,1
chernaya100kitchen,rusjuche,Directed,7215,1
dr_kuban,rusjuche,Directed,7219,1
beard_tim,nbstaroverov,Directed,7222,8
drugoros_vrn,rusjuche,Directed,7223,2
inter_manufactory_77,rusjuche,Directed,7234,3
rusfleet,blackcolonel2020,Directed,7238,2
vladlentatarsky,blackcolonel2020,Directed,7240,1
sashakots,blackcolonel2020,Directed,7241,3
drugoros_spb,nbstaroverov,Directed,7242,9
infantmilitario,blackcolonel2020,Directed,7251,1
rybar,nbstaroverov,Directed,7254,2
new_totalis,adirect,Directed,7257,83
dva_majors,blackcolonel2020,Directed,7270,1
ordinaryczarizm,adirect,Directed,7273,9
RVvoenkor,blackcolonel2020,Directed,7298,1
rusfleet,R_Vestovoi,Directed,7302,2
dva_majors,R_Vestovoi,Directed,7303,1
rusjuche,nbstaroverov,Directed,7305,28
wargonzo,nbstaroverov,Directed,7308,6
molotov_perm,nbstaroverov,Directed,7314,6
bunkerdayly,nbstaroverov,Directed,7315,17
strelkovii,nbstaroverov,Directed,7319,1
ordinaryczarizm,nbstaroverov,Directed,7343,2
voenkorKotenok,nbstaroverov,Directed,7344,1
RtrDonetsk,nbstaroverov,Directed,7352,1
ImashevNB,nbstaroverov,Directed,7354,8
voenacher,nbstaroverov,Directed,7356,1
vladlentatarsky,nbstaroverov,Directed,7363,1
georgy_fedorov,nbstaroverov,Directed,7365,1
Alekhin_Telega,nbstaroverov,Directed,7368,1
new_totalis,nbstaroverov,Directed,7370,2
ghost_of_novorossia,nbstaroverov,Directed,7380,8
rusjuche,adirect,Directed,7383,299
notes_veterans,nbstaroverov,Directed,7384,4
Andrafanaslive,nbstaroverov,Directed,7393,1
infantmilitario,nbstaroverov,Directed,7395,1
russia_and_anvil,drugoros_spb,Directed,7406,6
KRPRus,nbstaroverov,Directed,7407,1
igorvezite,nbstaroverov,Directed,7415,29
inter_manufactory_77,nbstaroverov,Directed,7434,1
fabric80,nbstaroverov,Directed,7436,15
soldat_prav,nbstaroverov,Directed,7438,1
comradepelevin,nbstaroverov,Directed,7440,1
mihailaksel,drugoros_spb,Directed,7448,8
nbstaroverov,drugoros_spb,Directed,7463,4
molotov_perm,drugoros_spb,Directed,7467,5
ImashevNB,drugoros_spb,Directed,7485,21
interbrigady2022,drugoros_spb,Directed,7498,17
drugoros_spb,drugoros_spb,Directed,7501,1
beard_tim,drugoros_spb,Directed,7504,4
sashakots,drugoros_spb,Directed,7510,1
ghost_of_novorossia,drugoros_spb,Directed,7523,1
pgubarev,drugoros_spb,Directed,7531,1
KRPRus,drugoros_spb,Directed,7533,1
i_strelkov_2023,drugoros_spb,Directed,7539,1
uralpartisan,drugoros_spb,Directed,7545,1
wargonzo,drugoros_spb,Directed,7559,1
wargonzo,adirect,Directed,7588,97
epoddubny,adirect,Directed,7621,1
new_totalis,zverochan,Directed,7644,13
pgubarev,adirect,Directed,7659,4
beard_tim,zverochan,Directed,7694,46
strelkovii,adirect,Directed,7699,5
Sladkov_plus,adirect,Directed,7710,1
mihailaksel,adirect,Directed,7719,108
comradepelevin,adirect,Directed,7736,78
drugoros_spb,adirect,Directed,7737,327
nbstaroverov,adirect,Directed,7748,77
sashakots,adirect,Directed,7756,8
russdiary,adirect,Directed,7760,1
vladlentatarsky,adirect,Directed,7769,4
georgy_fedorov,adirect,Directed,7778,2
dr_kuban,adirect,Directed,7792,87
rybar,voenkorKotenok,Directed,7799,204
russia_and_anvil,adirect,Directed,7805,5
ImashevNB,adirect,Directed,7807,98
interbrigady2022,adirect,Directed,7808,364
chernaya100kitchen,adirect,Directed,7815,6
RVvoenkor,adirect,Directed,7829,1
voenacher,adirect,Directed,7836,1
rusfleet,adirect,Directed,7851,4
rus_jansen,adirect,Directed,7854,1
uralpartisan,adirect,Directed,7868,23
obshina_ru,adirect,Directed,7871,1
notes_veterans,adirect,Directed,7872,2
voenkorKotenok,adirect,Directed,7886,2
rybar,adirect,Directed,7889,2
ghost_of_novorossia,adirect,Directed,7890,27
igorvezite,adirect,Directed,7903,2
ghost_of_novorossia,zverochan,Directed,7918,3
KRPRus,adirect,Directed,7928,14
fabric80,adirect,Directed,7945,4
nazbol_sar,adirect,Directed,7949,31
i_strelkov_2023,adirect,Directed,7951,12
KRPrus52,adirect,Directed,7963,1
drugoros_vrn,adirect,Directed,7976,42
soldat_prav,adirect,Directed,7983,4
RDS_Official_channel,adirect,Directed,7989,1
inter_manufactory_77,adirect,Directed,7993,22
nwindpro,adirect,Directed,8016,1
strelkovii,zverochan,Directed,8019,3
rusfleet,zverochan,Directed,8027,1
ordinaryczarizm,zverochan,Directed,8045,15
boriskorchevnikov,zverochan,Directed,8047,1
interbrigady2022,zverochan,Directed,8076,13
comradepelevin,zverochan,Directed,8085,9
uralpartisan,zverochan,Directed,8087,1
RVvoenkor,zverochan,Directed,8113,1
der_kultur_kampf,zverochan,Directed,8115,2
rusjuche,zverochan,Directed,8118,2
nbstaroverov,zverochan,Directed,8126,1
wargonzo,voenkorKotenok,Directed,8162,147
zverochan,zverochan,Directed,8167,7
bunkerdayly,zverochan,Directed,8170,6
wargonzo,zverochan,Directed,8171,1
rus_jansen,zverochan,Directed,8177,2
infantmilitario,rybar,Directed,8206,152
dva_majors,zverochan,Directed,8207,1
obshina_ru,zverochan,Directed,8212,3
drugoros_spb,zverochan,Directed,8220,1
i_strelkov_2023,zverochan,Directed,8225,1
zhivoff,zverochan,Directed,8254,5
RtrDonetsk,voenkorKotenok,Directed,8261,82
Alekhin_Telega,zverochan,Directed,8262,1
chernaya100kitchen,zverochan,Directed,8263,1
voenkorKotenok,zverochan,Directed,8265,2
dr_kuban,zverochan,Directed,8283,1
strelkovii,boris975,Directed,8323,8
ordinaryczarizm,boris975,Directed,8367,2
sashakots,juchkovsky,Directed,8384,62
boris975,boris975,Directed,8390,1
juchkovsky,chernaya100kitchen,Directed,8397,40
russia_and_anvil,chernaya100kitchen,Directed,8437,9
vladlentatarsky,chernaya100kitchen,Directed,8467,3
ordinaryczarizm,chernaya100kitchen,Directed,8476,9
pgubarev,chernaya100kitchen,Directed,8479,5
ghost_of_novorossia,chernaya100kitchen,Directed,8490,3
notes_veterans,chernaya100kitchen,Directed,8492,1
strelkovii,chernaya100kitchen,Directed,8494,3
chernaya100kitchen,juchkovsky,Directed,8498,37
vladlentatarsky,juchkovsky,Directed,8501,24
adirect,chernaya100kitchen,Directed,8504,2
pgubarev,juchkovsky,Directed,8538,42
i_strelkov_2023,chernaya100kitchen,Directed,8546,1
juchkovsky,juchkovsky,Directed,8569,1
voenkorKotenok,juchkovsky,Directed,8596,7
Rus_imperia,juchkovsky,Directed,8613,1
strelkovii,juchkovsky,Directed,8615,9
russia_and_anvil,juchkovsky,Directed,8616,5
notes_veterans,juchkovsky,Directed,8617,7
RtrDonetsk,juchkovsky,Directed,8620,3
Andrafanaslive,juchkovsky,Directed,8622,1
aleksandr_skif,juchkovsky,Directed,8631,3
epoddubny,juchkovsky,Directed,8636,16
Alekhin_Telega,juchkovsky,Directed,8645,1
rusich_army,juchkovsky,Directed,8650,2
Sladkov_plus,juchkovsky,Directed,8658,7
ghost_of_novorossia,juchkovsky,Directed,8662,3
ordinaryczarizm,juchkovsky,Directed,8666,4
brussinf,juchkovsky,Directed,8667,1
i_strelkov_2023,juchkovsky,Directed,8685,7
rybar,juchkovsky,Directed,8693,2
KRPRus,juchkovsky,Directed,8703,2
rusfleet,juchkovsky,Directed,8704,1
kartezianec,juchkovsky,Directed,8714,1
romagolovanov,juchkovsky,Directed,8724,1
Agdchan,juchkovsky,Directed,8727,2
infantmilitario,voenkorKotenok,Directed,8729,122
adirect,juchkovsky,Directed,8734,3
soldat_prav,juchkovsky,Directed,8735,1
R_Vestovoi,juchkovsky,Directed,8742,1
tsarkrest,voenkorKotenok,Directed,8772,14
epoddubny,voenkorKotenok,Directed,8782,97
pgubarev,voenkorKotenok,Directed,8829,13
voenkorKotenok,voenkorKotenok,Directed,8924,8
brussinf,voenkorKotenok,Directed,8927,26
rusfleet,voenkorKotenok,Directed,8929,9
kartezianec,voenkorKotenok,Directed,8996,3
Rus_imperia,voenkorKotenok,Directed,9020,1
grey_zone,voenkorKotenok,Directed,9054,4
Andrafanaslive,voenkorKotenok,Directed,9082,6
RVvoenkor,voenkorKotenok,Directed,9146,76
voenacher,voenkorKotenok,Directed,9269,51
romagolovanov,voenkorKotenok,Directed,9274,10
beard_tim,voenkorKotenok,Directed,9275,21
mihailaksel,voenkorKotenok,Directed,9412,1
zhivoff,voenkorKotenok,Directed,9443,11
notes_veterans,voenkorKotenok,Directed,9464,39
rusjuche,voenkorKotenok,Directed,9479,2
kvmalofeev,voenkorKotenok,Directed,9504,1
adirect,voenkorKotenok,Directed,9529,2
strelkovii,voenkorKotenok,Directed,9572,5
Agdchan,voenkorKotenok,Directed,9578,1
obshina_ru,voenkorKotenok,Directed,9702,11
boriskorchevnikov,voenkorKotenok,Directed,9711,4
Alekhin_Telega,voenkorKotenok,Directed,9721,3
rusich_army,voenkorKotenok,Directed,9727,38
R_Vestovoi,voenkorKotenok,Directed,9808,1
dva_majors,voenkorKotenok,Directed,9821,2
interbrigady2022,voenkorKotenok,Directed,9825,1
Sladkov_plus,rybar,Directed,9855,9
rybar,rybar,Directed,9862,699
sashakots,rybar,Directed,9875,229
brussinf,rybar,Directed,9876,152
epoddubny,rybar,Directed,9889,168
wargonzo,rybar,Directed,9934,6
vladlentatarsky,rybar,Directed,9954,70
voenkorKotenok,rybar,Directed,9961,28
grey_zone,rybar,Directed,9977,1
zhivoff,rybar,Directed,10026,7
Andrafanaslive,rybar,Directed,10060,5
beard_tim,rybar,Directed,10122,3
romagolovanov,sashakots,Directed,10167,38
rusfleet,rybar,Directed,10172,6
aleksandr_skif,rybar,Directed,10183,4
ordinaryczarizm,rybar,Directed,10194,1
RtrDonetsk,rybar,Directed,10195,17
juchkovsky,rybar,Directed,10245,1
ghost_of_novorossia,rybar,Directed,10288,1
rus_jansen,rybar,Directed,10302,1
rusich_army,rybar,Directed,10305,126
rossia_3,rybar,Directed,10348,1
dva_majors,rybar,Directed,10355,493
sashakots,voenacher,Directed,10359,242
vladlentatarsky,sashakots,Directed,10360,73
notes_veterans,rybar,Directed,10367,10
wargonzo,sashakots,Directed,10374,313
epoddubny,sashakots,Directed,10407,887
Agdchan,rybar,Directed,10452,1
juchkovsky,sashakots,Directed,10519,35
notes_veterans,dva_majors,Directed,10555,27
rusich_army,dva_majors,Directed,10601,364
dva_majors,dva_majors,Directed,10607,75
sashakots,dva_majors,Directed,10612,8
rybar,dva_majors,Directed,10617,641
voenkorKotenok,dva_majors,Directed,10664,5
voenacher,dva_majors,Directed,10691,38
Sladkov_plus,dva_majors,Directed,10698,10
ghost_of_novorossia,dva_majors,Directed,10699,6
RVvoenkor,dva_majors,Directed,10721,14
vladlentatarsky,dva_majors,Directed,10747,1
pgubarev,dva_majors,Directed,10756,1
RtrDonetsk,dva_majors,Directed,10759,2
rusfleet,dva_majors,Directed,10765,17
strelkovii,dva_majors,Directed,10793,3
comradepelevin,dva_majors,Directed,10801,1
epoddubny,dva_majors,Directed,10818,4
R_Vestovoi,dva_majors,Directed,10822,13
beard_tim,dva_majors,Directed,10839,3
Alekhin_Telega,dva_majors,Directed,10869,232
zhivoff,dva_majors,Directed,10892,37
beard_tim,voenacher,Directed,10926,1
rybar,sashakots,Directed,11017,108
brussinf,dva_majors,Directed,11019,1
aleksandr_skif,sashakots,Directed,11033,21
wargonzo,rusich_army,Directed,11097,2
epoddubny,rusich_army,Directed,11114,3
vladlentatarsky,rusich_army,Directed,11116,2
sashakots,rusich_army,Directed,11119,8
brussinf,rusich_army,Directed,11121,1
RtrDonetsk,rusich_army,Directed,11136,1
rybar,rusich_army,Directed,11143,34
dva_majors,rusich_army,Directed,11148,72
voenacher,rusich_army,Directed,11160,3
RVvoenkor,rusich_army,Directed,11168,1
rusich_army,rusich_army,Directed,11175,4
Andrafanaslive,rusich_army,Directed,11188,1
pgubarev,sashakots,Directed,11243,2
Sladkov_plus,sashakots,Directed,11272,76
brussinf,sashakots,Directed,11323,119
sashakots,sashakots,Directed,11350,31
voenkorKotenok,sashakots,Directed,11351,52
rusfleet,sashakots,Directed,11355,34
infantmilitario,sashakots,Directed,11431,5
RtrDonetsk,sashakots,Directed,11484,270
RVvoenkor,sashakots,Directed,11497,10
boriskorchevnikov,Andrafanaslive,Directed,11535,249
mihailaksel,sashakots,Directed,11537,10
beard_tim,sashakots,Directed,11557,18
voenacher,sashakots,Directed,11614,77
adirect,sashakots,Directed,11618,4
Andrafanaslive,sashakots,Directed,11681,10
notes_veterans,sashakots,Directed,11709,4
epoddubny,brussinf,Directed,11824,55
ImashevNB,sashakots,Directed,11830,1
kvmalofeev,sashakots,Directed,11863,1
dva_majors,sashakots,Directed,11874,4
comradepelevin,sashakots,Directed,11885,1
zhivoff,sashakots,Directed,11898,17
ordinaryczarizm,sashakots,Directed,12000,1
rybar,brussinf,Directed,12020,40
R_Vestovoi,sashakots,Directed,12038,1
voenacher,brussinf,Directed,12058,32
zogrussia1,sashakots,Directed,12084,2
sashakots,brussinf,Directed,12118,103
infantmilitario,brussinf,Directed,12130,4
Sladkov_plus,brussinf,Directed,12155,2
voenkorKotenok,brussinf,Directed,12160,1
RtrDonetsk,voenacher,Directed,12194,11
dva_majors,brussinf,Directed,12199,1
brussinf,brussinf,Directed,12204,5
rusich_army,brussinf,Directed,12207,29
beard_tim,brussinf,Directed,12220,1
zhivoff,brussinf,Directed,12226,2
notes_veterans,brussinf,Directed,12259,4
zogrussia1,brussinf,Directed,12267,2
wargonzo,voenacher,Directed,12292,20
infantmilitario,voenacher,Directed,12296,1
voenacher,voenacher,Directed,12298,6
voenkorKotenok,voenacher,Directed,12310,12
rusfleet,voenacher,Directed,12326,8
Andrafanaslive,voenacher,Directed,12333,6
epoddubny,voenacher,Directed,12340,115
strelkovii,voenacher,Directed,12358,5
adirect,voenacher,Directed,12359,1
RVvoenkor,voenacher,Directed,12361,37
aleksandr_skif,voenacher,Directed,12374,29
Sladkov_plus,voenacher,Directed,12376,28
brussinf,voenacher,Directed,12403,57
notes_veterans,voenacher,Directed,12452,14
zhivoff,voenacher,Directed,12546,6
comradepelevin,voenacher,Directed,12558,1
dva_majors,voenacher,Directed,12580,13
Alekhin_Telega,voenacher,Directed,12667,1
obshina_ru,voenacher,Directed,12682,1
kartezianec,voenacher,Directed,12689,2
infantmilitario,zhivoff,Directed,12711,15
wargonzo,zhivoff,Directed,12714,16
Andrafanaslive,zhivoff,Directed,12749,12
vladlentatarsky,zhivoff,Directed,12770,22
rybar,zhivoff,Directed,12800,49
Alekhin_Telega,zhivoff,Directed,12815,43
sashakots,zhivoff,Directed,12817,54
strelkovii,zhivoff,Directed,12835,11
RtrDonetsk,zhivoff,Directed,12854,8
voenkorKotenok,zhivoff,Directed,12863,22
drugoros_spb,zhivoff,Directed,12867,1
RVvoenkor,zhivoff,Directed,12868,68
ordinaryczarizm,zhivoff,Directed,12872,15
beard_tim,zhivoff,Directed,12875,5
voenacher,zhivoff,Directed,12885,23
juchkovsky,zhivoff,Directed,12898,7
epoddubny,zhivoff,Directed,12916,7
tsarkrest,zhivoff,Directed,12923,12
aleksandr_skif,zhivoff,Directed,12936,9
Sladkov_plus,zhivoff,Directed,12938,15
pgubarev,zhivoff,Directed,12952,4
rus_jansen,zhivoff,Directed,12976,8
rusfleet,zhivoff,Directed,13011,23
obshina_ru,zhivoff,Directed,13012,28
dva_majors,zhivoff,Directed,13027,102
georgy_fedorov,zhivoff,Directed,13065,2
ghost_of_novorossia,zhivoff,Directed,13094,5
rusich_army,zhivoff,Directed,13120,8
notes_veterans,zhivoff,Directed,13123,19
wargonzo,RtrDonetsk,Directed,13149,81
boriskorchevnikov,zhivoff,Directed,13191,2
rusjuche,zhivoff,Directed,13241,1
sashakots,RtrDonetsk,Directed,13246,191
blackcolonel2020,zhivoff,Directed,13253,2
rusich_army,Sladkov_plus,Directed,13266,161
grey_zone,zhivoff,Directed,13309,1
russia_and_anvil,zhivoff,Directed,13330,2
kvmalofeev,zhivoff,Directed,13339,3
R_Vestovoi,zhivoff,Directed,13368,3
zapiskitrad,zhivoff,Directed,13390,1
brussinf,zhivoff,Directed,13401,4
kartezianec,zhivoff,Directed,13414,3
der_kultur_kampf,zhivoff,Directed,13459,1
russdiary,zhivoff,Directed,13473,1
wargonzo,Sladkov_plus,Directed,13477,12
sashakots,zogrussia1,Directed,13496,4
brussinf,zogrussia1,Directed,13513,1
RVvoenkor,zogrussia1,Directed,13539,2
rusich_army,zogrussia1,Directed,13543,3
ordinaryczarizm,zogrussia1,Directed,13552,3
vladlentatarsky,Andrafanaslive,Directed,13588,70
rus_jansen,Andrafanaslive,Directed,13594,3
kartezianec,Andrafanaslive,Directed,13601,156
kvmalofeev,Andrafanaslive,Directed,13603,32
sashakots,Andrafanaslive,Directed,13604,25
spastv,Andrafanaslive,Directed,13646,368
rusfleet,Andrafanaslive,Directed,13671,5
romagolovanov,Andrafanaslive,Directed,13681,28
Agdchan,Andrafanaslive,Directed,13682,10
zhivoff,Andrafanaslive,Directed,13723,4
tsarkrest,Andrafanaslive,Directed,13771,3
rossia_3,Andrafanaslive,Directed,13772,1
rybar,Andrafanaslive,Directed,13806,16
o_andrey_tkachev,Andrafanaslive,Directed,13850,9
voenacher,Andrafanaslive,Directed,13870,13
voenkorKotenok,Andrafanaslive,Directed,13874,3
obshina_ru,Andrafanaslive,Directed,13905,145
ordinaryczarizm,Andrafanaslive,Directed,13917,5
Sladkov_plus,RtrDonetsk,Directed,13925,111
epoddubny,Andrafanaslive,Directed,13927,10
aleksandr_skif,Andrafanaslive,Directed,13938,8
juchkovsky,Andrafanaslive,Directed,13972,1
wargonzo,Andrafanaslive,Directed,14025,3
Andrafanaslive,Andrafanaslive,Directed,14089,4
Sladkov_plus,Andrafanaslive,Directed,14090,1
vladlentatarsky,RtrDonetsk,Directed,14101,16
dva_majors,Andrafanaslive,Directed,14122,1
rusich_army,Andrafanaslive,Directed,14162,1
epoddubny,RtrDonetsk,Directed,14163,64
sashakots,Sladkov_plus,Directed,14261,8
epoddubny,Sladkov_plus,Directed,14269,5
aleksandr_skif,Sladkov_plus,Directed,14276,8
voenkorKotenok,Sladkov_plus,Directed,14300,8
Sladkov_plus,Sladkov_plus,Directed,14318,2
RtrDonetsk,Sladkov_plus,Directed,14323,8
dva_majors,Sladkov_plus,Directed,14377,1
voenkorKotenok,RtrDonetsk,Directed,14393,36
aleksandr_skif,RtrDonetsk,Directed,14401,17
voenacher,RtrDonetsk,Directed,14443,3
RVvoenkor,RtrDonetsk,Directed,14452,3
infantmilitario,RtrDonetsk,Directed,14487,1
rybar,RtrDonetsk,Directed,14508,2
rusich_army,RtrDonetsk,Directed,14517,8
Andrafanaslive,RtrDonetsk,Directed,14580,2
dva_majors,RtrDonetsk,Directed,14584,1
kvmalofeev,RtrDonetsk,Directed,14610,1
tsarkrest,obshina_ru,Directed,14612,152
brussinf,RtrDonetsk,Directed,14626,1
voenkorKotenok,obshina_ru,Directed,14637,24
russia_and_anvil,ordinaryczarizm,Directed,14639,1
adirect,ordinaryczarizm,Directed,14647,1
juchkovsky,ordinaryczarizm,Directed,14650,1
chernaya100kitchen,ordinaryczarizm,Directed,14652,2
juchkovsky,pgubarev,Directed,14662,27
i_strelkov_2023,ordinaryczarizm,Directed,14665,1
Agdchan,kartezianec,Directed,14668,6
adirect,georgy_fedorov,Directed,14692,3
mihailaksel,georgy_fedorov,Directed,14694,2
KRPRus,pgubarev,Directed,14714,22
i_strelkov_2023,georgy_fedorov,Directed,14724,6
interbrigady2022,georgy_fedorov,Directed,14735,5
blackcolonel2020,georgy_fedorov,Directed,14743,3
zhivoff,georgy_fedorov,Directed,14749,1
drugoros_spb,georgy_fedorov,Directed,14754,1
aleksandr_skif,pgubarev,Directed,14765,6
pgubarev,pgubarev,Directed,14769,1
sashakots,pgubarev,Directed,14788,4
chernaya100kitchen,pgubarev,Directed,14798,1
georgy_fedorov,pgubarev,Directed,14807,4
mihailaksel,pgubarev,Directed,14808,1
adirect,pgubarev,Directed,14812,6
i_strelkov_2023,pgubarev,Directed,14814,4
ordinaryczarizm,pgubarev,Directed,14816,11
ghost_of_novorossia,pgubarev,Directed,14818,4
russia_and_anvil,pgubarev,Directed,14820,3
strelkovii,pgubarev,Directed,14830,7
rusjuche,pgubarev,Directed,14831,1
drugoros_spb,pgubarev,Directed,14833,2
beard_tim,pgubarev,Directed,14834,1
vladlentatarsky,obshina_ru,Directed,14835,20
notes_veterans,pgubarev,Directed,14845,2
rusfleet,pgubarev,Directed,14846,1
voenkorKotenok,pgubarev,Directed,14856,6
voenacher,pgubarev,Directed,14858,1
vladlentatarsky,pgubarev,Directed,14859,1
wargonzo,obshina_ru,Directed,14878,10
Andrafanaslive,obshina_ru,Directed,14883,104
grey_zone,obshina_ru,Directed,14884,1
beard_tim,obshina_ru,Directed,14890,1
sashakots,obshina_ru,Directed,14925,7
Alekhin_Telega,obshina_ru,Directed,14961,1
kvmalofeev,obshina_ru,Directed,14964,4
infantmilitario,obshina_ru,Directed,14979,4
rybar,obshina_ru,Directed,14994,15
Sladkov_plus,obshina_ru,Directed,15012,1
o_andrey_tkachev,obshina_ru,Directed,15024,3
RtrDonetsk,obshina_ru,Directed,15099,2
voenacher,obshina_ru,Directed,15127,2
kartezianec,obshina_ru,Directed,15148,10
RVvoenkor,obshina_ru,Directed,15154,4
epoddubny,obshina_ru,Directed,15155,1
obshina_ru,obshina_ru,Directed,15176,11
boriskorchevnikov,obshina_ru,Directed,15204,20
spastv,obshina_ru,Directed,15209,11
zhivoff,obshina_ru,Directed,15243,16
boriskorchevnikov,kartezianec,Directed,15250,17
ordinaryczarizm,obshina_ru,Directed,15270,2
rusich_army,obshina_ru,Directed,15275,1
kartezianec,kartezianec,Directed,15316,19
romagolovanov,obshina_ru,Directed,15337,1
spastv,kartezianec,Directed,15365,22
romagolovanov,kartezianec,Directed,15377,2
Andrafanaslive,kartezianec,Directed,15379,61
obshina_ru,kartezianec,Directed,15406,4
sashakots,kartezianec,Directed,15410,1
vladlentatarsky,kartezianec,Directed,15421,2
aleksandr_skif,kartezianec,Directed,15423,3
zhivoff,kartezianec,Directed,15458,3
Alekhin_Telega,kartezianec,Directed,15461,1
wargonzo,kartezianec,Directed,15466,1
romagolovanov,spastv,Directed,15488,414
Andrafanaslive,spastv,Directed,15497,230
boriskorchevnikov,spastv,Directed,15501,565
vladlentatarsky,spastv,Directed,15505,2
infantmilitario,Rus_imperia,Directed,15533,14
spastv,spastv,Directed,15548,2
kartezianec,spastv,Directed,15553,73
aleksandr_skif,spastv,Directed,15554,13
Andrafanaslive,Rus_imperia,Directed,15565,20
epoddubny,romagolovanov,Directed,15580,30
o_andrey_tkachev,spastv,Directed,15584,14
wargonzo,spastv,Directed,15590,2
rusich_army,spastv,Directed,15600,2
boriskorchevnikov,romagolovanov,Directed,15621,96
obshina_ru,spastv,Directed,15632,23
sashakots,romagolovanov,Directed,15674,230
romagolovanov,tsarkrest,Directed,15694,3
tsarkrest,spastv,Directed,15703,2
RtrDonetsk,romagolovanov,Directed,15734,14
sashakots,spastv,Directed,15799,1
Sladkov_plus,romagolovanov,Directed,15806,9
infantmilitario,romagolovanov,Directed,15854,5
spastv,romagolovanov,Directed,15863,41
romagolovanov,romagolovanov,Directed,15876,3
wargonzo,romagolovanov,Directed,15881,35
kartezianec,romagolovanov,Directed,15908,11
Andrafanaslive,romagolovanov,Directed,15912,37
vladlentatarsky,romagolovanov,Directed,15971,5
voenkorKotenok,romagolovanov,Directed,15988,2
rybar,romagolovanov,Directed,15997,11
RVvoenkor,romagolovanov,Directed,16081,3
aleksandr_skif,romagolovanov,Directed,16093,9
o_andrey_tkachev,romagolovanov,Directed,16104,10
voenacher,romagolovanov,Directed,16105,3
Andrafanaslive,tsarkrest,Directed,16140,33
notes_veterans,romagolovanov,Directed,16189,1
brussinf,romagolovanov,Directed,16202,2
rusich_army,romagolovanov,Directed,16214,4
obshina_ru,romagolovanov,Directed,16222,3
dva_majors,romagolovanov,Directed,16237,2
georgy_fedorov,RDS_Official_channel,Directed,16341,47
Alekhin_Telega,romagolovanov,Directed,16343,2
chernaya100kitchen,RDS_Official_channel,Directed,16348,4
o_andrey_tkachev,kvmalofeev,Directed,16364,2
Agdchan,kvmalofeev,Directed,16371,11
chernaya100kitchen,tsarkrest,Directed,16389,2
drugoros_spb,russia_and_anvil,Directed,16403,4
rus_jansen,tsarkrest,Directed,16412,3
voenkorKotenok,tsarkrest,Directed,16415,47
wargonzo,tsarkrest,Directed,16416,4
kvmalofeev,tsarkrest,Directed,16420,2
sashakots,tsarkrest,Directed,16421,5
molotov_perm,soldat_prav,Directed,16428,2
kartezianec,tsarkrest,Directed,16430,6
strelkovii,tsarkrest,Directed,16446,13
rossia_3,tsarkrest,Directed,16539,1
russia_and_anvil,tsarkrest,Directed,16541,5
rybar,tsarkrest,Directed,16551,2
juchkovsky,Rus_imperia,Directed,16567,13
voenkorKotenok,Rus_imperia,Directed,16582,21
obshina_ru,tsarkrest,Directed,16614,47
tsarkrest,tsarkrest,Directed,16615,27
ordinaryczarizm,tsarkrest,Directed,16619,23
zhivoff,tsarkrest,Directed,16637,11
RVvoenkor,tsarkrest,Directed,16647,4
Rus_imperia,tsarkrest,Directed,16650,7
vladlentatarsky,tsarkrest,Directed,16654,5
o_andrey_tkachev,tsarkrest,Directed,16683,1
RtrDonetsk,tsarkrest,Directed,16684,1
juchkovsky,tsarkrest,Directed,16712,1
ghost_of_novorossia,notes_veterans,Directed,16718,177
ghost_of_novorossia,tsarkrest,Directed,16721,3
notes_veterans,tsarkrest,Directed,16727,1
epoddubny,tsarkrest,Directed,16736,1
voenacher,notes_veterans,Directed,16746,65
Alekhin_Telega,tsarkrest,Directed,16756,2
rybar,vladlentatarsky,Directed,16763,131
Agdchan,tsarkrest,Directed,16778,3
pgubarev,tsarkrest,Directed,16779,3
spastv,tsarkrest,Directed,16792,1
Agdchan,rossia_3,Directed,16808,225
KRPRus,tsarkrest,Directed,16823,1
vladlentatarsky,notes_veterans,Directed,16826,75
i_strelkov_2023,tsarkrest,Directed,16827,10
strelkovii,notes_veterans,Directed,16828,23
epoddubny,notes_veterans,Directed,16835,5
soldat_prav,tsarkrest,Directed,16853,1
notes_veterans,notes_veterans,Directed,16856,131
imperskiylegion1917,tsarkrest,Directed,16886,3
rybar,notes_veterans,Directed,16893,12
notes_veterans,nwindpro,Directed,16925,2
ghost_of_novorossia,nwindpro,Directed,16943,2
interbrigady2022,nwindpro,Directed,16944,1
soldat_prav,nwindpro,Directed,16946,1
Sladkov_plus,notes_veterans,Directed,16975,5
infantmilitario,notes_veterans,Directed,16978,3
beard_tim,notes_veterans,Directed,16980,3
juchkovsky,notes_veterans,Directed,16989,19
sashakots,notes_veterans,Directed,16998,13
chernaya100kitchen,notes_veterans,Directed,17003,1
voenkorKotenok,notes_veterans,Directed,17039,18
grey_zone,notes_veterans,Directed,17048,1
adirect,notes_veterans,Directed,17062,4
rus_jansen,notes_veterans,Directed,17083,3
aleksandr_skif,notes_veterans,Directed,17084,1
zhivoff,notes_veterans,Directed,17088,11
interbrigady2022,notes_veterans,Directed,17093,2
ordinaryczarizm,notes_veterans,Directed,17129,2
RVvoenkor,notes_veterans,Directed,17141,2
brussinf,notes_veterans,Directed,17158,2
comradepelevin,notes_veterans,Directed,17186,1
Agdchan,notes_veterans,Directed,17190,9
dva_majors,notes_veterans,Directed,17213,28
voenkorKotenok,vladlentatarsky,Directed,17219,116
rusich_army,notes_veterans,Directed,17258,1
Alekhin_Telega,notes_veterans,Directed,17261,31
Andrafanaslive,notes_veterans,Directed,17273,1
obshina_ru,notes_veterans,Directed,17278,1
wargonzo,rossia_3,Directed,17300,59
tsarkrest,notes_veterans,Directed,17322,1
soldat_prav,notes_veterans,Directed,17336,3
rybar,rossia_3,Directed,17363,28
vladlentatarsky,rossia_3,Directed,17411,71
Andrafanaslive,rossia_3,Directed,17422,17
rossia_3,rossia_3,Directed,17432,2
voenacher,rossia_3,Directed,17443,13
voenkorKotenok,rossia_3,Directed,17445,46
epoddubny,rossia_3,Directed,17451,8
sashakots,rossia_3,Directed,17460,10
infantmilitario,rossia_3,Directed,17492,3
ordinaryczarizm,rossia_3,Directed,17497,4
romagolovanov,rossia_3,Directed,17521,5
aleksandr_skif,rossia_3,Directed,17526,9
RtrDonetsk,rossia_3,Directed,17528,3
rusfleet,rossia_3,Directed,17542,1
notes_veterans,rossia_3,Directed,17557,6
o_andrey_tkachev,rossia_3,Directed,17573,3
chernaya100kitchen,rossia_3,Directed,17590,1
adirect,rossia_3,Directed,17591,12
RVvoenkor,rossia_3,Directed,17607,3
mihailaksel,rossia_3,Directed,17614,2
obshina_ru,rossia_3,Directed,17636,2
Sladkov_plus,rossia_3,Directed,17640,1
zhivoff,rossia_3,Directed,17643,1
strelkovii,rossia_3,Directed,17649,4
juchkovsky,rossia_3,Directed,17680,1
kvmalofeev,rossia_3,Directed,17686,35
RtrDonetsk,vladlentatarsky,Directed,17690,52
vladlentatarsky,vladlentatarsky,Directed,17701,59
ghost_of_novorossia,rossia_3,Directed,17703,1
rusjuche,rossia_3,Directed,17734,1
rusich_army,rossia_3,Directed,17744,7
zapiskitrad,rossia_3,Directed,17746,30
bunkerdayly,rossia_3,Directed,17766,1
sashakots,vladlentatarsky,Directed,17767,150
spastv,rossia_3,Directed,17768,2
interbrigady2022,rossia_3,Directed,17808,3
kartezianec,rossia_3,Directed,17811,3
voenacher,vladlentatarsky,Directed,17877,208
heartlandfire,rossia_3,Directed,17914,1
inter_manufactory_77,rossia_3,Directed,17918,2
RVvoenkor,russdiary,Directed,17937,2
beard_tim,russdiary,Directed,17958,12
zhivoff,russdiary,Directed,17962,10
o_andrey_tkachev,russdiary,Directed,17986,8
romagolovanov,russdiary,Directed,17993,2
wargonzo,vladlentatarsky,Directed,18032,38
wargonzo,russdiary,Directed,18043,16
Alekhin_Telega,russdiary,Directed,18062,1
sashakots,russdiary,Directed,18066,4
russdiary,russdiary,Directed,18079,2
comradepelevin,russdiary,Directed,18095,7
rybar,russdiary,Directed,18136,1
Agdchan,russdiary,Directed,18167,11
rossia_3,russdiary,Directed,18174,1
brussinf,russdiary,Directed,18177,1
heartlandfire,russdiary,Directed,18178,1
voenkorKotenok,russdiary,Directed,18224,1
strelkovii,vladlentatarsky,Directed,18226,7
Sladkov_plus,vladlentatarsky,Directed,18239,18
chernaya100kitchen,vladlentatarsky,Directed,18243,1
juchkovsky,vladlentatarsky,Directed,18256,25
aleksandr_skif,vladlentatarsky,Directed,18271,78
epoddubny,vladlentatarsky,Directed,18277,11
grey_zone,vladlentatarsky,Directed,18297,3
infantmilitario,vladlentatarsky,Directed,18341,1
notes_veterans,vladlentatarsky,Directed,18344,41
Andrafanaslive,vladlentatarsky,Directed,18364,110
kartezianec,vladlentatarsky,Directed,18410,49
brussinf,vladlentatarsky,Directed,18418,11
ordinaryczarizm,vladlentatarsky,Directed,18476,2
romagolovanov,vladlentatarsky,Directed,18489,4
RVvoenkor,vladlentatarsky,Directed,18496,3
comradepelevin,vladlentatarsky,Directed,18512,1
Agdchan,vladlentatarsky,Directed,18513,3
obshina_ru,vladlentatarsky,Directed,18514,28
boriskorchevnikov,vladlentatarsky,Directed,18526,7
rus_jansen,vladlentatarsky,Directed,18532,2
ghost_of_novorossia,vladlentatarsky,Directed,18535,1
zhivoff,vladlentatarsky,Directed,18542,1
spastv,vladlentatarsky,Directed,18552,15
pgubarev,vladlentatarsky,Directed,18563,1
rusfleet,vladlentatarsky,Directed,18575,1
Alekhin_Telega,vladlentatarsky,Directed,18641,3
Alekhin_Telega,Alekhin_Telega,Directed,18772,17
vladlentatarsky,Rus_imperia,Directed,18841,12
soldat_prav,RDS_Official_channel,Directed,18901,573
spastv,boriskorchevnikov,Directed,18916,194
tsarkrest,Rus_imperia,Directed,18932,167
dva_majors,Alekhin_Telega,Directed,18937,83
strelkovii,Protoinquisitor,Directed,18949,7
sashakots,Alekhin_Telega,Directed,18959,1
epoddubny,Alekhin_Telega,Directed,18960,1
Agdchan,Alekhin_Telega,Directed,18962,1
o_andrey_tkachev,Alekhin_Telega,Directed,18970,1
sashakots,boriskorchevnikov,Directed,18975,2
Rus_imperia,imperskiylegion1917,Directed,18978,18
Sladkov_plus,Rus_imperia,Directed,18980,6
RDS_official_smi,RDS_Official_channel,Directed,18986,126
vladlentatarsky,Alekhin_Telega,Directed,18993,4
zhivoff,Alekhin_Telega,Directed,19005,17
notes_veterans,Alekhin_Telega,Directed,19020,3
rusfleet,russia_and_anvil,Directed,19043,3
RVvoenkor,Alekhin_Telega,Directed,19051,1
ghost_of_novorossia,Alekhin_Telega,Directed,19052,1
blackcolonel2020,RDS_Official_channel,Directed,19066,18
romagolovanov,Alekhin_Telega,Directed,19067,1
i_strelkov_2023,imperskiylegion1917,Directed,19084,2
juchkovsky,imperskiylegion1917,Directed,19086,1
nwindpro,imperskiylegion1917,Directed,19089,1
i_strelkov_2023,Protoinquisitor,Directed,19094,1
i_strelkov_2023,RDS_Official_channel,Directed,19111,98
wargonzo,Rus_imperia,Directed,19115,11
ghost_of_novorossia,RDS_Official_channel,Directed,19127,30
sashakots,Rus_imperia,Directed,19136,26
adirect,Rus_imperia,Directed,19150,1
rybar,Rus_imperia,Directed,19198,12
epoddubny,Rus_imperia,Directed,19199,4
brussinf,Rus_imperia,Directed,19254,8
kvmalofeev,Rus_imperia,Directed,19275,2
kartezianec,Rus_imperia,Directed,19290,2
romagolovanov,Rus_imperia,Directed,19321,4
rusfleet,Rus_imperia,Directed,19328,2
o_andrey_tkachev,Rus_imperia,Directed,19331,3
RtrDonetsk,Rus_imperia,Directed,19359,3
chernaya100kitchen,Rus_imperia,Directed,19432,2
notes_veterans,Rus_imperia,Directed,19465,2
strelkovii,Rus_imperia,Directed,19520,4
Andrafanaslive,boriskorchevnikov,Directed,19547,91
russia_and_anvil,Rus_imperia,Directed,19563,4
ghost_of_novorossia,Rus_imperia,Directed,19582,1
voenacher,Rus_imperia,Directed,19600,1
rus_jansen,Rus_imperia,Directed,19610,1
ordinaryczarizm,Rus_imperia,Directed,19615,26
imperskiylegion1917,Rus_imperia,Directed,19616,99
aleksandr_skif,Rus_imperia,Directed,19617,3
boriskorchevnikov,Rus_imperia,Directed,19634,4
RDS_Official_channel,Rus_imperia,Directed,19673,2
blackcolonel2020,Rus_imperia,Directed,19680,1
i_strelkov_2023,Rus_imperia,Directed,19686,4
zhivoff,Rus_imperia,Directed,19693,2
obshina_ru,Rus_imperia,Directed,19697,2
beard_tim,Rus_imperia,Directed,19704,1
nwindpro,Rus_imperia,Directed,19707,3
der_kultur_kampf,Rus_imperia,Directed,19740,1
spastv,Rus_imperia,Directed,19742,1
epoddubny,boriskorchevnikov,Directed,19747,10
o_andrey_tkachev,boriskorchevnikov,Directed,19748,16
kartezianec,boriskorchevnikov,Directed,19750,18
romagolovanov,boriskorchevnikov,Directed,19751,43
rybar,boriskorchevnikov,Directed,19761,1
RVvoenkor,boriskorchevnikov,Directed,19775,1
aleksandr_skif,boriskorchevnikov,Directed,19788,8
RtrDonetsk,boriskorchevnikov,Directed,19799,2
vladlentatarsky,boriskorchevnikov,Directed,19804,2
interbrigady2022,RDS_Official_channel,Directed,19815,2
dva_majors,RDS_Official_channel,Directed,19825,10
voenkorKotenok,RDS_Official_channel,Directed,19827,6
wargonzo,boriskorchevnikov,Directed,19832,1
obshina_ru,boriskorchevnikov,Directed,19882,8
Protoinquisitor,RDS_Official_channel,Directed,19886,39
russia_and_anvil,RDS_Official_channel,Directed,19892,23
rus_jansen,der_kultur_kampf,Directed,19915,3
der_kultur_kampf,der_kultur_kampf,Directed,19917,2
vladlentatarsky,der_kultur_kampf,Directed,19923,1
russia_and_anvil,der_kultur_kampf,Directed,19946,4
R_Vestovoi,RDS_Official_channel,Directed,19958,33
RDS_Official_channel,RDS_Official_channel,Directed,19969,38
strelkovii,RDS_Official_channel,Directed,19970,17
aleksandr_skif,RDS_Official_channel,Directed,19980,1
Rus_imperia,RDS_Official_channel,Directed,19989,6
adirect,RDS_Official_channel,Directed,19995,4
Agdchan,RDS_Official_channel,Directed,20022,1
rybar,RDS_Official_channel,Directed,20024,7
kartezianec,RDS_Official_channel,Directed,20032,6
zhivoff,RDS_Official_channel,Directed,20037,22
sashakots,RDS_Official_channel,Directed,20078,1
rus_jansen,RDS_Official_channel,Directed,20095,1
o_andrey_tkachev,RDS_Official_channel,Directed,20098,3
Alekhin_Telega,RDS_Official_channel,Directed,20101,16
voenacher,RDS_Official_channel,Directed,20107,1
nwindpro,RDS_Official_channel,Directed,20122,1
Sladkov_plus,RDS_Official_channel,Directed,20156,1
romagolovanov,RDS_Official_channel,Directed,20166,1
chernaya100kitchen,russia_and_anvil,Directed,20197,12
rusjuche,russia_and_anvil,Directed,20212,5
pgubarev,russia_and_anvil,Directed,20216,4
interbrigady2022,russia_and_anvil,Directed,20233,6
infantmilitario,russia_and_anvil,Directed,20240,1
comradepelevin,russia_and_anvil,Directed,20242,10
adirect,russia_and_anvil,Directed,20247,3
ordinaryczarizm,russia_and_anvil,Directed,20249,7
beard_tim,russia_and_anvil,Directed,20262,1
der_kultur_kampf,russia_and_anvil,Directed,20267,6
bunkerdayly,russia_and_anvil,Directed,20271,2
ImashevNB,russia_and_anvil,Directed,20273,2
ghost_of_novorossia,russia_and_anvil,Directed,20291,1
i_strelkov_2023,russia_and_anvil,Directed,20301,10
RDS_Official_channel,russia_and_anvil,Directed,20327,1
Protoinquisitor,russia_and_anvil,Directed,20331,1
mihailaksel,russia_and_anvil,Directed,20347,1
russia_and_anvil,russia_and_anvil,Directed,20360,1
zhivoff,russia_and_anvil,Directed,20361,1
tsarkrest,russia_and_anvil,Directed,20367,1
ghost_of_novorossia,ghost_of_novorossia,Directed,20410,226
dva_majors,russdiary,Directed,20430,1
soldat_prav,bunkerdayly,Directed,20434,1
i_strelkov_2023,bunkerdayly,Directed,20436,1
pgubarev,bunkerdayly,Directed,20437,1
dva_majors,zapiskitrad,Directed,20507,1
voenkorKotenok,zapiskitrad,Directed,20511,1
inter_manufactory_77,soldat_prav,Directed,20546,1
notes_veterans,ghost_of_novorossia,Directed,20547,449
beard_tim,soldat_prav,Directed,20582,1
rusich_army,RDS_official_smi,Directed,20609,1
dva_majors,ghost_of_novorossia,Directed,20667,65
RVvoenkor,ghost_of_novorossia,Directed,20670,13
wargonzo,ghost_of_novorossia,Directed,20672,8
Alekhin_Telega,ghost_of_novorossia,Directed,20678,27
interbrigady2022,ghost_of_novorossia,Directed,20680,51
i_strelkov_2023,ghost_of_novorossia,Directed,20684,54
strelkovii,ghost_of_novorossia,Directed,20704,74
beard_tim,ghost_of_novorossia,Directed,20706,33
soldat_prav,nazbol_sar,Directed,20799,2
ordinaryczarizm,nazbol_sar,Directed,20800,1
i_strelkov_2023,nazbol_sar,Directed,20803,2
uralpartisan,nazbol_sar,Directed,20809,1
inter_manufactory_77,nazbol_sar,Directed,20811,2
blackcolonel2020,adirect,Directed,20829,1
notes_veterans,zverochan,Directed,20841,1
Agdchan,zverochan,Directed,20847,1
zhivoff,rusich_army,Directed,20917,1
RtrDonetsk,Andrafanaslive,Directed,20996,1
RVvoenkor,Andrafanaslive,Directed,21000,1
ImashevNB,chernaya100kitchen,Directed,21048,1
Sladkov_plus,russdiary,Directed,21182,1
rusfleet,Alekhin_Telega,Directed,21204,2
notes_veterans,RDS_Official_channel,Directed,21236,2
voenkorKotenok,ghost_of_novorossia,Directed,21296,19
vladlentatarsky,ghost_of_novorossia,Directed,21300,10
RtrDonetsk,ghost_of_novorossia,Directed,21314,10
sashakots,ghost_of_novorossia,Directed,21322,19
aleksandr_skif,ghost_of_novorossia,Directed,21333,15
Sladkov_plus,ghost_of_novorossia,Directed,21335,6
rybar,ghost_of_novorossia,Directed,21356,10
juchkovsky,ghost_of_novorossia,Directed,21370,1
grey_zone,ghost_of_novorossia,Directed,21403,1
epoddubny,ghost_of_novorossia,Directed,21435,7
voenacher,ghost_of_novorossia,Directed,21446,7
aleksandr_skif,RVvoenkor,Directed,21448,32
adirect,ghost_of_novorossia,Directed,21456,18
rus_jansen,ghost_of_novorossia,Directed,21496,7
rusfleet,ghost_of_novorossia,Directed,21509,9
RDS_Official_channel,ghost_of_novorossia,Directed,21518,5
zhivoff,ghost_of_novorossia,Directed,21529,30
voenacher,RVvoenkor,Directed,21616,3
nbstaroverov,ghost_of_novorossia,Directed,21618,7
pgubarev,ghost_of_novorossia,Directed,21626,3
russia_and_anvil,ghost_of_novorossia,Directed,21646,12
KRPRus,ghost_of_novorossia,Directed,21648,1
drugoros_spb,ghost_of_novorossia,Directed,21649,4
igorvezite,ghost_of_novorossia,Directed,21650,4
blackcolonel2020,ghost_of_novorossia,Directed,21669,1
chernaya100kitchen,ghost_of_novorossia,Directed,21684,1
georgy_fedorov,ghost_of_novorossia,Directed,21685,1
nwindpro,ghost_of_novorossia,Directed,21693,18
soldat_prav,ghost_of_novorossia,Directed,21701,14
mihailaksel,ghost_of_novorossia,Directed,21751,1
RtrDonetsk,RVvoenkor,Directed,21767,4
inter_manufactory_77,ghost_of_novorossia,Directed,21789,1
Sladkov_plus,RVvoenkor,Directed,21793,86
rybar,RVvoenkor,Directed,21799,4
epoddubny,RVvoenkor,Directed,21808,17
wargonzo,RVvoenkor,Directed,21809,2
rusfleet,RVvoenkor,Directed,21813,4
brussinf,RVvoenkor,Directed,21823,1
voenkorKotenok,RVvoenkor,Directed,21863,2
romagolovanov,RVvoenkor,Directed,21890,2
pgubarev,RVvoenkor,Directed,21901,1
RVvoenkor,RVvoenkor,Directed,21917,18
notes_veterans,RVvoenkor,Directed,21950,1
ordinaryczarizm,RVvoenkor,Directed,21979,1
adirect,RVvoenkor,Directed,21985,1
Alekhin_Telega,RVvoenkor,Directed,21987,1